scbkod;n;ref_code
158300;38961;SE/158300000
38001;31855;SE/038001000
248204;29249;SE/248204000
58001;22724;SE/058001000
178001;21710;SE/178001000
58101;21067;SE/058101000
128001;19260;SE/128001000
148501;15687;SE/148501000
78001;14669;SE/078001000
58301;13782;SE/058301000
248002;13742;SE/248002000
58104;13663;SE/058104000
148022;13539;SE/148022000
18001;12056;SE/018001000
58103;12040;SE/058103000
98001;11499;SE/098001000
248001;11434;SE/248001000
48401;11072;SE/048401000
176601;11056;SE/176601000
58102;11041;SE/058102000
158201;10976;SE/158201000
108002;10967;SE/108002000
248101;10812;SE/248101000
246201;10395;SE/246201000
56201;9949;SE/056201000
231301;9752;SE/231301000
31901;9690;SE/031901000
88201;9388;SE/088201000
240171;9366;SE/240171000
240401;9322;SE/240401000
88105;9317;SE/088105000
18201;9217;SE/018201000
248207;9177;SE/248207000
138301;9011;SE/138301000
108100;8704;SE/108100000
248211;8630;SE/248211000
178401;8161;SE/178401000
48301;7860;SE/048301000
58002;7667;SE/058002000
36005;7304;SE/036005000
198201;7201;SE/198201000
246001;7172;SE/246001000
158501;6926;SE/158501000
241771;6877;SE/241771000
173001;6722;SE/173001000
173701;6707;SE/173701000
68601;6693;SE/068601000
178302;6632;SE/178302000
68701;6494;SE/068701000
108304;6312;SE/108304000
242101;6235;SE/242101000
156371;6159;SE/156371000
246301;5991;SE/246301000
228301;5969;SE/228301000
58601;5956;SE/058601000
38101;5943;SE/038101000
176201;5887;SE/176201000
82102;5868;SE/082102000
248209;5861;SE/248209000
18805;5702;SE/018805000
86006;5630;SE/086006000
196201;5614;SE/196201000
48001;5510;SE/048001000
88272;5410;SE/088272000
108006;5407;SE/108006000
83402;5387;SE/083402000
106071;5354;SE/106071000
242201;5335;SE/242201000
58106;5288;SE/058106000
248006;5287;SE/248006000
88271;5242;SE/088271000
248201;5241;SE/248201000
240301;5240;SE/240301000
231304;5222;SE/231304000
188203;5183;SE/188203000
56202;5170;SE/056202000
12701;5136;SE/012701000
230301;5072;SE/230301000
56101;5053;SE/056101000
178006;5016;SE/178006000
240971;4958;SE/240971000
58114;4936;SE/058114000
176101;4901;SE/176101000
38002;4844;SE/038002000
178201;4805;SE/178201000
178402;4712;SE/178402000
248210;4686;SE/248210000
86101;4667;SE/086101000
38129;4666;SE/038129000
83471;4660;SE/083471000
56302;4579;SE/056302000
176302;4528;SE/176302000
242501;4487;SE/242501000
86203;4471;SE/086203000
228315;4416;SE/228315000
76005;4404;SE/076005000
143001;4371;SE/143001000
190701;4347;SE/190701000
56002;4343;SE/056002000
116605;4336;SE/116605000
178206;4314;SE/178206000
16201;4239;SE/016201000
178407;4224;SE/178407000
58105;4198;SE/058105000
148405;4185;SE/148405000
138019;4150;SE/138019000
108301;4142;SE/108301000
86008;4103;SE/086008000
238002;4084;SE/238002000
108014;4070;SE/108014000
228309;4067;SE/228309000
163704;4027;SE/163704000
141902;4023;SE/141902000
171501;4005;SE/171501000
51302;4003;SE/051302000
248007;3991;SE/248007000
198102;3951;SE/198102000
178500;3927;SE/178500000
158006;3918;SE/158006000
19201;3906;SE/019201000
76302;3905;SE/076302000
126004;3884;SE/126004000
186102;3879;SE/186102000
173705;3825;SE/173705000
158318;3824;SE/158318000
156001;3821;SE/156001000
173708;3806;SE/173708000
241801;3794;SE/241801000
196001;3769;SE/196001000
178200;3760;SE/178200000
76102;3752;SE/076102000
88008;3719;SE/088008000
156301;3689;SE/156301000
178004;3670;SE/178004000
76001;3662;SE/076001000
236101;3656;SE/236101000
76503;3604;SE/076503000
238009;3581;SE/238009000
18803;3579;SE/018803000
178411;3549;SE/178411000
88401;3527;SE/088401000
88315;3486;SE/088315000
248071;3449;SE/248071000
88311;3446;SE/088311000
176401;3445;SE/176401000
86003;3443;SE/086003000
178405;3441;SE/178405000
86005;3440;SE/086005000
178501;3426;SE/178501000
178000;3402;SE/178000000
38204;3366;SE/038204000
191705;3360;SE/191705000
178105;3348;SE/178105000
76703;3311;SE/076703000
88408;3304;SE/088408000
143501;3266;SE/143501000
230901;3261;SE/230901000
108008;3232;SE/108008000
258101;3217;SE/258101000
36008;3216;SE/036008000
178009;3193;SE/178009000
176605;3168;SE/176605000
88310;3156;SE/088310000
188016;3151;SE/188016000
76301;3141;SE/076301000
76411;3132;SE/076411000
173709;3117;SE/173709000
178207;3081;SE/178207000
176604;3062;SE/176604000
232105;3054;SE/232105000
226003;3053;SE/226003000
56204;3040;SE/056204000
88308;3018;SE/088308000
86102;3007;SE/086102000
258401;2997;SE/258401000
50902;2993;SE/050902000
240903;2988;SE/240903000
228307;2980;SE/228307000
176502;2977;SE/176502000
142703;2957;SE/142703000
58109;2953;SE/058109000
228411;2952;SE/228411000
148020;2949;SE/148020000
150701;2941;SE/150701000
58401;2935;SE/058401000
108010;2924;SE/108010000
108015;2922;SE/108015000
36007;2897;SE/036007000
58200;2891;SE/058200000
58019;2884;SE/058019000
36003;2856;SE/036003000
138017;2849;SE/138017000
88314;2845;SE/088314000
13606;2836;SE/013606000
173003;2829;SE/173003000
13601;2824;SE/013601000
36009;2812;SE/036009000
171502;2809;SE/171502000
58322;2807;SE/058322000
38213;2802;SE/038213000
148037;2797;SE/148037000
108012;2793;SE/108012000
38209;2785;SE/038209000
88005;2769;SE/088005000
198404;2767;SE/198404000
18092;2759;SE/018092000
126503;2759;SE/126503000
143005;2757;SE/143005000
230506;2735;SE/230506000
18825;2727;SE/018825000
76504;2726;SE/076504000
238010;2713;SE/238010000
248208;2709;SE/248208000
76409;2706;SE/076409000
41304;2700;SE/041304000
108009;2694;SE/108009000
150403;2671;SE/150403000
176501;2668;SE/176501000
230503;2666;SE/230503000
138208;2658;SE/138208000
143504;2644;SE/143504000
156307;2633;SE/156307000
238007;2630;SE/238007000
118107;2623;SE/118107000
56301;2611;SE/056301000
112106;2594;SE/112106000
230910;2589;SE/230910000
88409;2573;SE/088409000
108005;2563;SE/108005000
158004;2560;SE/158004000
178403;2549;SE/178403000
78103;2541;SE/078103000
48413;2533;SE/048413000
258301;2519;SE/258301000
51304;2516;SE/051304000
128306;2516;SE/128306000
173005;2502;SE/173005000
108204;2498;SE/108204000
230302;2485;SE/230302000
138103;2484;SE/138103000
38003;2481;SE/038003000
76000;2481;SE/076000000
230906;2457;SE/230906000
48009;2436;SE/048009000
176403;2418;SE/176403000
82104;2403;SE/082104000
58110;2401;SE/058110000
140104;2400;SE/140104000
108016;2393;SE/108016000
108103;2386;SE/108103000
112104;2380;SE/112104000
138003;2356;SE/138003000
56304;2351;SE/056304000
38031;2325;SE/038031000
36006;2323;SE/036006000
108018;2319;SE/108018000
76410;2314;SE/076410000
58304;2312;SE/058304000
51309;2283;SE/051309000
18105;2267;SE/018105000
88303;2267;SE/088303000
58115;2259;SE/058115000
178106;2254;SE/178106000
128731;2252;SE/128731000
83401;2249;SE/083401000
158316;2248;SE/158316000
232603;2245;SE/232603000
58305;2236;SE/058305000
108107;2225;SE/108107000
19204;2214;SE/019204000
166001;2210;SE/166001000
88006;2200;SE/088006000
178303;2195;SE/178303000
176303;2185;SE/176303000
12801;2171;SE/012801000
88305;2168;SE/088305000
148026;2164;SE/148026000
148036;2161;SE/148036000
198007;2136;SE/198007000
88400;2135;SE/088400000
18810;2133;SE/018810000
178003;2126;SE/178003000
158107;2078;SE/158107000
228314;2069;SE/228314000
48010;2067;SE/048010000
56305;2056;SE/056305000
252105;2056;SE/252105000
173703;2054;SE/173703000
38131;2039;SE/038131000
68207;2036;SE/068207000
88102;2036;SE/088102000
108011;2033;SE/108011000
128511;2021;SE/128511000
88501;2017;SE/088501000
178100;2016;SE/178100000
118014;2014;SE/118014000
18112;2004;SE/018112000
36004;2001;SE/036004000
88103;1978;SE/088103000
231302;1976;SE/231302000
118211;1972;SE/118211000
48005;1964;SE/048005000
58112;1963;SE/058112000
148505;1959;SE/148505000
230904;1956;SE/230904000
18806;1954;SE/018806000
228405;1950;SE/228405000
38021;1940;SE/038021000
238005;1935;SE/238005000
242103;1935;SE/242103000
38041;1933;SE/038041000
88309;1914;SE/088309000
116009;1914;SE/116009000
228303;1913;SE/228303000
176603;1912;SE/176603000
176503;1907;SE/176503000
18200;1906;SE/018200000
56107;1904;SE/056107000
158311;1896;SE/158311000
178204;1894;SE/178204000
178512;1894;SE/178512000
152103;1893;SE/152103000
148031;1892;SE/148031000
98002;1889;SE/098002000
58009;1883;SE/058009000
88514;1876;SE/088514000
176003;1875;SE/176003000
173707;1874;SE/173707000
176602;1864;SE/176602000
126003;1863;SE/126003000
143503;1857;SE/143503000
50901;1855;SE/050901000
48403;1839;SE/048403000
86204;1837;SE/086204000
18820;1831;SE/018820000
88406;1827;SE/088406000
84015;1824;SE/084015000
148211;1824;SE/148211000
140103;1818;SE/140103000
58603;1814;SE/058603000
230504;1814;SE/230504000
156106;1812;SE/156106000
118034;1810;SE/118034000
142105;1805;SE/142105000
173706;1795;SE/173706000
58011;1785;SE/058011000
18106;1778;SE/018106000
118119;1775;SE/118119000
176504;1775;SE/176504000
58208;1769;SE/058208000
230505;1767;SE/230505000
18107;1761;SE/018107000
198009;1750;SE/198009000
38211;1744;SE/038211000
18822;1741;SE/018822000
148203;1737;SE/148203000
232103;1735;SE/232103000
38026;1725;SE/038026000
88405;1712;SE/088405000
58206;1709;SE/058206000
68015;1709;SE/068015000
68201;1707;SE/068201000
148208;1707;SE/148208000
88312;1704;SE/088312000
82103;1701;SE/082103000
48008;1698;SE/048008000
232104;1690;SE/232104000
38004;1688;SE/038004000
18824;1687;SE/018824000
118117;1684;SE/118117000
141901;1676;SE/141901000
152714;1673;SE/152714000
178408;1672;SE/178408000
84008;1667;SE/084008000
140102;1662;SE/140102000
148512;1656;SE/148512000
56203;1653;SE/056203000
138205;1647;SE/138205000
186105;1646;SE/186105000
148503;1643;SE/148503000
58008;1642;SE/058008000
246304;1634;SE/246304000
68019;1630;SE/068019000
178510;1630;SE/178510000
88513;1626;SE/088513000
148205;1625;SE/148205000
141502;1622;SE/141502000
51203;1621;SE/051203000
76404;1614;SE/076404000
58005;1609;SE/058005000
156501;1609;SE/156501000
58127;1589;SE/058127000
88304;1580;SE/088304000
178511;1579;SE/178511000
58202;1578;SE/058202000
176508;1577;SE/176508000
36001;1571;SE/036001000
84003;1571;SE/084003000
68208;1569;SE/068208000
141903;1567;SE/141903000
58306;1566;SE/058306000
78008;1561;SE/078008000
51202;1559;SE/051202000
142106;1558;SE/142106000
158400;1554;SE/158400000
98010;1545;SE/098010000
118021;1544;SE/118021000
58125;1541;SE/058125000
158209;1538;SE/158209000
178409;1538;SE/178409000
126703;1535;SE/126703000
238003;1535;SE/238003000
88014;1534;SE/088014000
198016;1533;SE/198016000
198104;1530;SE/198104000
178007;1526;SE/178007000
88306;1523;SE/088306000
56004;1522;SE/056004000
58021;1521;SE/058021000
78105;1518;SE/078105000
51305;1509;SE/051305000
178305;1507;SE/178305000
108019;1503;SE/108019000
113703;1493;SE/113703000
108104;1486;SE/108104000
148604;1474;SE/148604000
56104;1473;SE/056104000
141503;1465;SE/141503000
176505;1465;SE/176505000
58111;1464;SE/058111000
51308;1463;SE/051308000
38023;1461;SE/038023000
18808;1457;SE/018808000
191707;1457;SE/191707000
38028;1450;SE/038028000
38100;1450;SE/038100000
58303;1449;SE/058303000
158003;1448;SE/158003000
156105;1445;SE/156105000
58614;1443;SE/058614000
88013;1442;SE/088013000
58010;1440;SE/058010000
118102;1440;SE/118102000
171503;1438;SE/171503000
51204;1437;SE/051204000
86002;1436;SE/086002000
138007;1434;SE/138007000
68020;1429;SE/068020000
88403;1429;SE/088403000
118024;1429;SE/118024000
118017;1428;SE/118017000
18821;1419;SE/018821000
68008;1417;SE/068008000
68519;1409;SE/068519000
138202;1408;SE/138202000
118204;1403;SE/118204000
78102;1401;SE/078102000
252101;1396;SE/252101000
118105;1388;SE/118105000
78009;1385;SE/078009000
118029;1385;SE/118029000
188403;1385;SE/188403000
230507;1381;SE/230507000
78106;1366;SE/078106000
141505;1360;SE/141505000
188003;1360;SE/188003000
158506;1359;SE/158506000
143509;1357;SE/143509000
156103;1357;SE/156103000
88007;1350;SE/088007000
51303;1349;SE/051303000
116014;1349;SE/116014000
48032;1347;SE/048032000
51201;1344;SE/051201000
88012;1342;SE/088012000
148511;1341;SE/148511000
88302;1339;SE/088302000
138220;1339;SE/138220000
88516;1336;SE/088516000
82101;1334;SE/082101000
156205;1330;SE/156205000
98061;1329;SE/098061000
232106;1328;SE/232106000
76502;1321;SE/076502000
178103;1314;SE/178103000
88003;1313;SE/088003000
128206;1304;SE/128206000
156318;1304;SE/156318000
58126;1303;SE/058126000
58012;1302;SE/058012000
51306;1301;SE/051306000
58612;1294;SE/058612000
158410;1294;SE/158410000
228210;1294;SE/228210000
78020;1287;SE/078020000
38105;1285;SE/038105000
88106;1284;SE/088106000
158208;1280;SE/158208000
78003;1278;SE/078003000
38134;1267;SE/038134000
56106;1266;SE/056106000
228005;1258;SE/228005000
232102;1246;SE/232102000
140101;1240;SE/140101000
108303;1239;SE/108303000
232604;1239;SE/232604000
58003;1233;SE/058003000
78023;1233;SE/078023000
248104;1232;SE/248104000
78016;1230;SE/078016000
58018;1228;SE/058018000
118208;1228;SE/118208000
142104;1223;SE/142104000
121410;1221;SE/121410000
148507;1221;SE/148507000
178410;1219;SE/178410000
58408;1218;SE/058408000
78022;1218;SE/078022000
148207;1217;SE/148207000
118006;1216;SE/118006000
191702;1214;SE/191702000
141504;1211;SE/141504000
58029;1210;SE/058029000
238004;1210;SE/238004000
230905;1204;SE/230905000
38207;1202;SE/038207000
58013;1201;SE/058013000
178503;1201;SE/178503000
38024;1199;SE/038024000
58210;1199;SE/058210000
58024;1198;SE/058024000
150702;1198;SE/150702000
56306;1197;SE/056306000
86004;1195;SE/086004000
118111;1195;SE/118111000
118115;1195;SE/118115000
173004;1191;SE/173004000
51301;1190;SE/051301000
113702;1185;SE/113702000
38040;1182;SE/038040000
158500;1181;SE/158500000
258403;1176;SE/258403000
78116;1175;SE/078116000
198011;1175;SE/198011000
116807;1170;SE/116807000
141905;1170;SE/141905000
178203;1169;SE/178203000
188029;1166;SE/188029000
118103;1160;SE/118103000
188103;1155;SE/188103000
112103;1153;SE/112103000
38006;1150;SE/038006000
128620;1149;SE/128620000
38208;1143;SE/038208000
58122;1142;SE/058122000
126204;1141;SE/126204000
156315;1141;SE/156315000
176404;1141;SE/176404000
176509;1138;SE/176509000
198003;1138;SE/198003000
176506;1134;SE/176506000
88316;1133;SE/088316000
231303;1132;SE/231303000
88104;1128;SE/088104000
58022;1127;SE/058022000
88510;1125;SE/088510000
78025;1123;SE/078025000
188018;1119;SE/188018000
38201;1118;SE/038201000
58207;1118;SE/058207000
178205;1116;SE/178205000
158315;1109;SE/158315000
230903;1107;SE/230903000
38014;1106;SE/038014000
164303;1105;SE/164303000
88507;1104;SE/088507000
38005;1103;SE/038005000
198015;1102;SE/198015000
98004;1101;SE/098004000
58300;1100;SE/058300000
126112;1099;SE/126112000
56003;1095;SE/056003000
58307;1094;SE/058307000
78021;1092;SE/078021000
38214;1091;SE/038214000
38022;1090;SE/038022000
38117;1090;SE/038117000
198103;1089;SE/198103000
156107;1087;SE/156107000
156508;1086;SE/156508000
148209;1081;SE/148209000
38017;1080;SE/038017000
58602;1080;SE/058602000
148605;1070;SE/148605000
156309;1068;SE/156309000
58617;1066;SE/058617000
156108;1066;SE/156108000
230907;1066;SE/230907000
56102;1064;SE/056102000
108004;1058;SE/108004000
88108;1053;SE/088108000
116013;1051;SE/116013000
58203;1050;SE/058203000
56006;1048;SE/056006000
68021;1043;SE/068021000
19101;1042;SE/019101000
143006;1038;SE/143006000
152404;1031;SE/152404000
143507;1029;SE/143507000
112105;1028;SE/112105000
12504;1025;SE/012504000
118019;1025;SE/118019000
123006;1024;SE/123006000
131503;1024;SE/131503000
58324;1022;SE/058324000
38114;1021;SE/038114000
58004;1021;SE/058004000
38027;1020;SE/038027000
18826;1019;SE/018826000
38210;1019;SE/038210000
88002;1018;SE/088002000
58031;1016;SE/058031000
108300;1010;SE/108300000
98006;1002;SE/098006000
148029;1002;SE/148029000
58616;1000;SE/058616000
148027;999;SE/148027000
78115;996;SE/078115000
88011;995;SE/088011000
141501;993;SE/141501000
178502;991;SE/178502000
156505;985;SE/156505000
156009;984;SE/156009000
51206;978;SE/051206000
118028;978;SE/118028000
108007;977;SE/108007000
38025;975;SE/038025000
58323;975;SE/058323000
128619;971;SE/128619000
38119;966;SE/038119000
30503;963;SE/030503000
68014;963;SE/068014000
88009;959;SE/088009000
98077;959;SE/098077000
48007;958;SE/048007000
50903;958;SE/050903000
78015;957;SE/078015000
166013;956;SE/166013000
88407;952;SE/088407000
78017;950;SE/078017000
50904;949;SE/050904000
176402;949;SE/176402000
108108;948;SE/108108000
158308;945;SE/158308000
118003;944;SE/118003000
156008;942;SE/156008000
58015;938;SE/058015000
13901;933;SE/013901000
58618;929;SE/058618000
156310;929;SE/156310000
252103;927;SE/252103000
78024;924;SE/078024000
38136;918;SE/038136000
98009;918;SE/098009000
148102;917;SE/148102000
58204;913;SE/058204000
88512;912;SE/088512000
148030;910;SE/148030000
18817;903;SE/018817000
58025;903;SE/058025000
13801;900;SE/013801000
58605;897;SE/058605000
58119;896;SE/058119000
98057;894;SE/098057000
156506;894;SE/156506000
230502;893;SE/230502000
18103;888;SE/018103000
76408;888;SE/076408000
173702;888;SE/173702000
116012;887;SE/116012000
156104;881;SE/156104000
38019;880;SE/038019000
138015;879;SE/138015000
138006;878;SE/138006000
118025;876;SE/118025000
198302;876;SE/198302000
198105;875;SE/198105000
50906;873;SE/050906000
68013;868;SE/068013000
38039;867;SE/038039000
142107;867;SE/142107000
50905;865;SE/050905000
84006;864;SE/084006000
188017;860;SE/188017000
156503;859;SE/156503000
198018;858;SE/198018000
58032;853;SE/058032000
78002;853;SE/078002000
58124;847;SE/058124000
88509;847;SE/088509000
13906;844;SE/013906000
98071;844;SE/098071000
155211;843;SE/155211000
178104;843;SE/178104000
58113;840;SE/058113000
58611;839;SE/058611000
155202;835;SE/155202000
13903;831;SE/013903000
58117;831;SE/058117000
98011;831;SE/098011000
98018;830;SE/098018000
143002;830;SE/143002000
58107;829;SE/058107000
98076;829;SE/098076000
176507;829;SE/176507000
38212;826;SE/038212000
78117;824;SE/078117000
78019;822;SE/078019000
128117;821;SE/128117000
98072;820;SE/098072000
50907;815;SE/050907000
242502;813;SE/242502000
88502;812;SE/088502000
68012;810;SE/068012000
156313;809;SE/156313000
12508;808;SE/012508000
98089;808;SE/098089000
118317;805;SE/118317000
166109;803;SE/166109000
58309;801;SE/058309000
138224;801;SE/138224000
58116;796;SE/058116000
98084;795;SE/098084000
178005;793;SE/178005000
126306;791;SE/126306000
38030;787;SE/038030000
123002;782;SE/123002000
155203;782;SE/155203000
118012;779;SE/118012000
118118;779;SE/118118000
156507;775;SE/156507000
58326;773;SE/058326000
86007;772;SE/086007000
178504;771;SE/178504000
178507;771;SE/178507000
12005;766;SE/012005000
18815;766;SE/018815000
168403;762;SE/168403000
168651;761;SE/168651000
78011;759;SE/078011000
58604;756;SE/058604000
84001;756;SE/084001000
118320;754;SE/118320000
38018;753;SE/038018000
84014;752;SE/084014000
98035;752;SE/098035000
58410;751;SE/058410000
88508;751;SE/088508000
58308;750;SE/058308000
168113;747;SE/168113000
18812;744;SE/018812000
58028;744;SE/058028000
138010;744;SE/138010000
98015;743;SE/098015000
56105;741;SE/056105000
98005;740;SE/098005000
18108;739;SE/018108000
178010;738;SE/178010000
116202;737;SE/116202000
138008;737;SE/138008000
84005;736;SE/084005000
38029;732;SE/038029000
38036;732;SE/038036000
158507;730;SE/158507000
38118;728;SE/038118000
13605;725;SE/013605000
38130;725;SE/038130000
38016;721;SE/038016000
84013;721;SE/084013000
108106;719;SE/108106000
155204;719;SE/155204000
38032;717;SE/038032000
12502;715;SE/012502000
58020;715;SE/058020000
58014;700;SE/058014000
148210;699;SE/148210000
158428;699;SE/158428000
118004;695;SE/118004000
51205;694;SE/051205000
11704;692;SE/011704000
78107;692;SE/078107000
84016;692;SE/084016000
38107;689;SE/038107000
98073;689;SE/098073000
84010;688;SE/084010000
98055;686;SE/098055000
126202;684;SE/126202000
38042;683;SE/038042000
58607;681;SE/058607000
155208;680;SE/155208000
126203;677;SE/126203000
166103;677;SE/166103000
58608;675;SE/058608000
98040;675;SE/098040000
58121;673;SE/058121000
58311;672;SE/058311000
58405;672;SE/058405000
38111;667;SE/038111000
13904;665;SE/013904000
12501;664;SE/012501000
108001;662;SE/108001000
12506;660;SE/012506000
116001;660;SE/116001000
128012;657;SE/128012000
78018;656;SE/078018000
168312;656;SE/168312000
98048;655;SE/098048000
58017;651;SE/058017000
58310;651;SE/058310000
155207;651;SE/155207000
158305;651;SE/158305000
156514;650;SE/156514000
38109;647;SE/038109000
68022;647;SE/068022000
88515;644;SE/088515000
148206;644;SE/148206000
78027;642;SE/078027000
88010;642;SE/088010000
158312;641;SE/158312000
88107;639;SE/088107000
98047;639;SE/098047000
143508;636;SE/143508000
198017;635;SE/198017000
155209;634;SE/155209000
98025;631;SE/098025000
168115;631;SE/168115000
68004;628;SE/068004000
158307;628;SE/158307000
48006;627;SE/048006000
198010;627;SE/198010000
58128;626;SE/058128000
58411;624;SE/058411000
148204;623;SE/148204000
98029;622;SE/098029000
56103;621;SE/056103000
88004;621;SE/088004000
232107;618;SE/232107000
98063;617;SE/098063000
98091;615;SE/098091000
13905;613;SE/013905000
158427;611;SE/158427000
88504;610;SE/088504000
126508;610;SE/126508000
198019;609;SE/198019000
78010;608;SE/078010000
78113;607;SE/078113000
178404;606;SE/178404000
66208;605;SE/066208000
98086;604;SE/098086000
58400;601;SE/058400000
38127;598;SE/038127000
58006;596;SE/058006000
30502;594;SE/030502000
148502;594;SE/148502000
58615;593;SE/058615000
98068;591;SE/098068000
58030;588;SE/058030000
118306;588;SE/118306000
148028;588;SE/148028000
98059;584;SE/098059000
156316;581;SE/156316000
76407;580;SE/076407000
68404;578;SE/068404000
173704;578;SE/173704000
13902;577;SE/013902000
98083;576;SE/098083000
38102;574;SE/038102000
126706;574;SE/126706000
38104;572;SE/038104000
19111;567;SE/019111000
118027;567;SE/118027000
158309;566;SE/158309000
143003;565;SE/143003000
98065;564;SE/098065000
58108;563;SE/058108000
123004;563;SE/123004000
238006;561;SE/238006000
98081;560;SE/098081000
30501;559;SE/030501000
98062;552;SE/098062000
58403;550;SE/058403000
128713;548;SE/128713000
158421;548;SE/158421000
84004;547;SE/084004000
143004;543;SE/143004000
38128;542;SE/038128000
98033;542;SE/098033000
128700;541;SE/128700000
88404;539;SE/088404000
98078;538;SE/098078000
98060;537;SE/098060000
84011;536;SE/084011000
148506;535;SE/148506000
198012;534;SE/198012000
38011;529;SE/038011000
38106;529;SE/038106000
98054;526;SE/098054000
168638;524;SE/168638000
18804;523;SE/018804000
98014;523;SE/098014000
38126;520;SE/038126000
116016;520;SE/116016000
68018;519;SE/068018000
118113;518;SE/118113000
142108;518;SE/142108000
88506;517;SE/088506000
168009;517;SE/168009000
116011;512;SE/116011000
98070;511;SE/098070000
112102;510;SE/112102000
168627;507;SE/168627000
84002;504;SE/084002000
158210;504;SE/158210000
98026;501;SE/098026000
168404;501;SE/168404000
178505;501;SE/178505000
38009;500;SE/038009000
148035;500;SE/148035000
98003;499;SE/098003000
116018;499;SE/116018000
58412;497;SE/058412000
198008;496;SE/198008000
68023;495;SE/068023000
236108;494;SE/236108000
166308;490;SE/166308000
98053;489;SE/098053000
116002;486;SE/116002000
12507;485;SE/012507000
118307;482;SE/118307000
158417;482;SE/158417000
168007;482;SE/168007000
178508;479;SE/178508000
38116;478;SE/038116000
19107;477;SE/019107000
168004;476;SE/168004000
168512;474;SE/168512000
166310;472;SE/166310000
58205;471;SE/058205000
38125;470;SE/038125000
188024;468;SE/188024000
58123;467;SE/058123000
12505;466;SE/012505000
66502;464;SE/066502000
58007;463;SE/058007000
58023;461;SE/058023000
98021;460;SE/098021000
18100;459;SE/018100000
78004;459;SE/078004000
116806;459;SE/116806000
148504;458;SE/148504000
58120;457;SE/058120000
58609;456;SE/058609000
38012;452;SE/038012000
118108;452;SE/118108000
38112;451;SE/038112000
98030;451;SE/098030000
98046;451;SE/098046000
98058;451;SE/098058000
88503;450;SE/088503000
148508;450;SE/148508000
58619;449;SE/058619000
58409;447;SE/058409000
98020;447;SE/098020000
98067;445;SE/098067000
123314;444;SE/123314000
158413;444;SE/158413000
150405;442;SE/150405000
158418;442;SE/158418000
38124;440;SE/038124000
156610;439;SE/156610000
168005;439;SE/168005000
84012;438;SE/084012000
13604;435;SE/013604000
19102;435;SE/019102000
98007;434;SE/098007000
30504;430;SE/030504000
156615;429;SE/156615000
58118;426;SE/058118000
30505;425;SE/030505000
84018;424;SE/084018000
248010;422;SE/248010000
158303;417;SE/158303000
152713;415;SE/152713000
198013;415;SE/198013000
118022;413;SE/118022000
58406;411;SE/058406000
78026;408;SE/078026000
84017;407;SE/084017000
168126;406;SE/168126000
166303;405;SE/166303000
58209;400;SE/058209000
58606;398;SE/058606000
98044;396;SE/098044000
38015;394;SE/038015000
56005;394;SE/056005000
156601;394;SE/156601000
188500;394;SE/188500000
13607;393;SE/013607000
78104;390;SE/078104000
98031;390;SE/098031000
76002;389;SE/076002000
88511;386;SE/088511000
98066;386;SE/098066000
238008;385;SE/238008000
138322;384;SE/138322000
38007;383;SE/038007000
58026;382;SE/058026000
118114;381;SE/118114000
98079;380;SE/098079000
158406;380;SE/158406000
38115;378;SE/038115000
116017;378;SE/116017000
98038;377;SE/098038000
38120;376;SE/038120000
178506;376;SE/178506000
158411;375;SE/158411000
98017;374;SE/098017000
58610;373;SE/058610000
38103;370;SE/038103000
98087;370;SE/098087000
156620;370;SE/156620000
152702;369;SE/152702000
58016;368;SE/058016000
158313;367;SE/158313000
66207;365;SE/066207000
168008;365;SE/168008000
156602;364;SE/156602000
98016;363;SE/098016000
198004;363;SE/198004000
158409;362;SE/158409000
156510;360;SE/156510000
168649;359;SE/168649000
98024;358;SE/098024000
138214;353;SE/138214000
156604;353;SE/156604000
38008;352;SE/038008000
84007;352;SE/084007000
98052;352;SE/098052000
152703;352;SE/152703000
98036;348;SE/098036000
168643;344;SE/168643000
78005;343;SE/078005000
98069;342;SE/098069000
156603;342;SE/156603000
98042;335;SE/098042000
98022;334;SE/098022000
98027;333;SE/098027000
98039;332;SE/098039000
98043;332;SE/098043000
98050;328;SE/098050000
84009;318;SE/084009000
98019;315;SE/098019000
238011;314;SE/238011000
58312;313;SE/058312000
38020;308;SE/038020000
98023;308;SE/098023000
168313;306;SE/168313000
98056;304;SE/098056000
128707;303;SE/128707000
128717;301;SE/128717000
168618;301;SE/168618000
158424;299;SE/158424000
98088;296;SE/098088000
128000;296;SE/128000000
152712;293;SE/152712000
156621;293;SE/156621000
152700;290;SE/152700000
123302;287;SE/123302000
178406;286;SE/178406000
98013;285;SE/098013000
98082;285;SE/098082000
58407;280;SE/058407000
98028;280;SE/098028000
98064;280;SE/098064000
168629;280;SE/168629000
38123;278;SE/038123000
98074;278;SE/098074000
98049;276;SE/098049000
98045;275;SE/098045000
155210;275;SE/155210000
123311;270;SE/123311000
98090;265;SE/098090000
166304;264;SE/166304000
168300;261;SE/168300000
98032;260;SE/098032000
38110;259;SE/038110000
251002;259;SE/251002000
38010;252;SE/038010000
19103;251;SE/019103000
156622;251;SE/156622000
38122;250;SE/038122000
158426;250;SE/158426000
98051;249;SE/098051000
155212;246;SE/155212000
158408;246;SE/158408000
98008;244;SE/098008000
58404;243;SE/058404000
98041;243;SE/098041000
168617;242;SE/168617000
232100;238;SE/232100000
156202;236;SE/156202000
98037;235;SE/098037000
158402;234;SE/158402000
11506;230;SE/011506000
78014;230;SE/078014000
12004;226;SE/012004000
98012;226;SE/098012000
168652;225;SE/168652000
123010;222;SE/123010000
168600;217;SE/168600000
58613;215;SE/058613000
38113;212;SE/038113000
168304;212;SE/168304000
168626;211;SE/168626000
13603;210;SE/013603000
98085;210;SE/098085000
168508;210;SE/168508000
168017;209;SE/168017000
168014;207;SE/168014000
152711;200;SE/152711000
88505;198;SE/088505000
156612;196;SE/156612000
76403;189;SE/076403000
128715;187;SE/128715000
168625;184;SE/168625000
66206;183;SE/066206000
168642;179;SE/168642000
168650;175;SE/168650000
98080;169;SE/098080000
230900;166;SE/230900000
231300;164;SE/231300000
58027;152;SE/058027000
38121;147;SE/038121000
98092;146;SE/098092000
98034;128;SE/098034000
156613;126;SE/156613000
126305;124;SE/126305000
156600;111;SE/156600000
